<?xml version="1.0" encoding="UTF-8" ?>
<!DOCTYPE mapper PUBLIC "-//mybatis.org//DTD Mapper 3.0//EN"
        "http://mybatis.org/dtd/mybatis-3-mapper.dtd">
<mapper namespace="com.example.myBatisTest.mapper.BoardMapper">
    <insert id="save" parameterType="boardDto">
        INSERT INTO board_table(boardtitle,boardwriter,boardpass,boardcontents)
        values(#{boardDto.boardTitle} , #{boardDto.boardWriter} , #{boardDto.boardPass} , #{boardDto.boardContents})
    </insert>

    <select id="findAll" resultType="boardDto">
        SELECT id,boardtitle,boardwriter,boardhits,
        TO_CHAR(createdat,'yyyy-mm-dd') AS createdAt
        FROM board_table ORDER BY id DESC
    </select>

    <select id="findById" parameterType="long" resultType="boardDto">
        SELECT id,boardtitle,boardwriter,boardcontents,createdAt,boardpass,boardhits
        FROM board_table WHERE id = #{id}
    </select>
    
    <select id="addBoardHit" parameterType="long">
        UPDATE board_table SET boardhits = boardhits + 1 WHERE id = #{id}
    </select>

    <select id="update" parameterType="BoardDto">
        UPDATE board_table SET boardtitle = #{boardDto.boardTitle},
        boardwriter = #{boardDto.boardWriter} ,createdAt = now(),
        boardhits=#{boardDto.boardHits} , boardcontents =#{boardDto.boardContents}
        WHERE id = #{boardDto.id}
    </select>

    <select id="delete" parameterType="Long">
        DELETE FROM board_table WHERE id = #{id}
    </select>
</mapper>