<?xml version="1.0" encoding="UTF-8" ?>
<!DOCTYPE mapper PUBLIC "-//mybatis.org//DTD Mapper 3.0//EN"
        "http://mybatis.org/dtd/mybatis-3-mapper.dtd">
<mapper namespace="com.example.schoolManager.mapper.VaccineMapper">
    <select id="makeReservationCode" resultType="int">
        SELECT MAX(resv_no) FROM vaccresv
    </select>
    <select id="getHost" resultType="HospitalDto">
        SELECT host_code, host_name, host_tel, host_addr FROM hospital
    </select>
    <select id="getVCode" resultType="String">
        SELECT v_code FROM vaccresv
    </select>
    <insert id="saveReservation" parameterType="VaccresvDto">
        INSERT INTO vaccresv(resv_no, jumin, host_code, resv_date, resv_time, v_code)
        VALUES (#{vaccresvDto.resvNo}, #{vaccresvDto.jumin},#{vaccresvDto.hostCode},TO_DATE(#{vaccresvDto.resvDate},'YYYY-MM-DD'),
        CAST(#{vaccresvDto.resvTime} AS TIME), #{vaccresvDto.vCode})
    </insert>
    <select id="getResvById" parameterType="int" resultType="ResvResultDto">
        SELECT v.resv_no , j.name , j.jumin , h.host_name , v.resv_date , v.resv_time , v.v_code , h.host_addr
        FROM vaccresv as v JOIN jumin as j ON j.jumin = v.jumin JOIN hospital as h ON h.host_code = v.host_code
        WHERE v.resv_no = #{resvNo}
    </select>
    <select id="searchCurrentResv" parameterType="String" resultType="CuurentResvDto">
        SELECT count(*) , h.host_addr
        FROM vaccresv as v JOIN hospital as h ON v.host_code = h.host_code
        WHERE h.host_code = #{hospital}
        GROUP BY h.host_addr
    </select>
</mapper>