<?xml version="1.0" encoding="UTF-8" ?>
<!DOCTYPE mapper PUBLIC "-//mybatis.org//DTD Mapper 3.0//EN"
        "http://mybatis.org/dtd/mybatis-3-mapper.dtd">
<mapper namespace="com.example.schoolManager.mapper.VaccineMapper">
    <select id="makeReservationCode" resultType="int">
        SELECT MAX(resv_no) FROM vaccresv
    </select>
    <select id="getHost" resultType="HospitalDto">
        SELECT * FROM hospital
    </select>
    <select id="getVCode" resultType="String">
        SELECT v_code FROM vaccresv
    </select>
    <insert id="saveReservation" parameterType="VaccresvDto">
        INSERT INTO vaccresv(resv_no, jumin, host_code, resv_date, resv_time, v_code)
        VALUES (#{vaccresvDto.resvNo}, #{vaccresvDto.jumin},#{vaccresvDto.hostCode},TO_DATE(#{vaccresvDto.resvDate},'YYYY-MM-DD'),
        CAST(#{vaccresvDto.resvTime} AS TIME), #{vaccresvDto.vCode})
    </insert>
</mapper>